text,label
Wow Uzbekistan is terrible lol.,reaction
"Felix played well — he's supposed to take more risks, so obviously he's gonna lose the ball more.",analysis
Portugal's bench is just insane. They bench a superstar and an equally crazy good player comes in.,hot_take
"Uzbekistan had that little attacking triangle on the right wing in the first half that was opening Portugal's defense — a small detail, but certainly noticeable.",analysis
They really thought Ronaldo was completely washed. Lmfao.,reaction
Uzbekistan can't play with the ball against this Portugal side.,analysis
This is like the FIFA match I play on semi-pro when I'm frustrated about not winning online.,reaction
"I know this is supposed to be a game we dominate, but what a way to come back after a horrible performance.",reaction
Smart play by Ronaldo — he didn't sprint and waited to get someone faster up front.,analysis
"Portugal got better when Semedo came on, especially with how he handles the ball down the right compared to Cancelo.",analysis
Semedo always shows up for Portugal. He may not be the best but he's always solid and does exactly what Portugal needs.,analysis
"If England dominates next match, this is gonna be the worst day in r/soccer history.",hot_take
Uzbekistan might be the worst team in this tournament. Every other team put up a fight — these guys look like they've got Sunday league fitness.,reaction
"So if you let the most creative player in the world create, you score a lot of goals? Sounds counterintuitive. Martinez should stick Bruno back to CB.",hot_take
That should be a Felix goal — the ball was going in the net if the defender hadn't deflected it.,reaction
This is the keeper they switched to after the first game. How bad was the first one?,reaction
Uzbekistan finally scored a goal that wasn't overturned.,reaction
"Ronaldo, get a grip. Your team is up 3-0, Uzbekistan doesn't have a chance, and you've scored twice today — you have absolutely no need to be writhing around on the ground.",critique
"I don't understand the comments dissing Felix. He played pretty well today, so I don't know what game these guys are watching.",critique
The fact that we feel a Ronaldo hat-trick is inevitable is crazy. CR7 is a menacing presence on the field still and he's got a good team around him.,hot_take
Portugal will be able to try out all their trick plays and set piece routines against this team.,analysis
"It's a shame that Ronaldo doesn't dribble even a little nowadays — now he just passes or shoots, not even trying 1v1.",critique
My biggest fear is that American-style corporate greed will spill over into Europe and push for more hydration breaks to drive revenue.,hot_take
"It's worth noting that with a Colombia loss or draw today and an Uzbekistan win against Congo, Uzbekistan could still possibly qualify.",analysis
"Even though I'm rooting for Uzbekistan, the ref is horrible on their fouls lmao.",reaction
You know a game is over when the fans aren't even booing the hydration break loudly.,reaction
I must be the only one who doesn't find a blowout against Uzbekistan very convincing for Portugal.,hot_take
"It's not convincing of anything greater than a win. That said, if we didn't blow them out, there would be more controversy.",analysis
This game is like the 2016 Browns playing the 2018 Patriots.,reaction
"Decent game from Felix — he did what he needed to do, keeping them scared of long range and pulling them out a bit.",analysis
I feel irrational irritation at how much attention CR7 gets because Bruno is definitely the best offensive player for Portugal.,hot_take
"This just makes me worried for Colombia — their performance vs Uzbekistan wasn't dominant, but this Portugal display is.",analysis
Veiga is so average.,critique
Bruno's always crying to the referee.,critique
Portugal's defense has always worried me. Maybe this is what happens when you play two extremely attacking fullbacks?,analysis
Uzbekistan fouls on every other play and the ref lets almost all of it slide.,critique
Has Portugal had the most creative free kicks this World Cup? The Ronaldo decoy and the flick over the wall was sick.,hot_take
"They're keeping Ronaldo on because he wants the hat-trick — this is his best chance, he's in form and Portugal have total control.",analysis
"What should Uzbekistan take from these first two matches? Their biggest issue is athleticism, along with no creativity in attack.",analysis
In the last game Conceição seemed to be the most threatening player — today he's doing the complete opposite.,critique
"Portugal should be going for the killer pass. Ronaldo is sensing openings and starting his run, but they short-pass and the opening closes.",critique
Portugal vs Argentina could be the game of ages and could settle the Messi vs Cristiano debate once and for all.,hot_take
Ronaldo looks tired out there. Good time to make the sub.,analysis
This is such a horribly managed team. Playing Cristiano 90 minutes while not giving Ramos playtime to get in form is poor planning.,critique
"Conceicao isn't great but Leao showed nothing last time either, so that bench isn't as deep as we thought.",critique
I don't know why Bernardo Silva still plays for Portugal. He plays so slow and mostly backwards.,critique
Uzbeks just jogging around the park like they've accepted their fate.,reaction
I hate these water breaks — they completely kill the momentum of a team.,hot_take
Ramos is never getting in form on the bench. The bigger issue is overplaying Ronaldo because at 41 his body takes longer to recover.,analysis
"AFC are still by far the weakest confederation outside of Japan, South Korea, and maybe Australia and Iran.",hot_take
Just tuned in late but this is an interesting game. Hope Ronaldo does the hat-trick and Uzbekistan gets at least one.,reaction
Conceicao needs to work on his decision making.,critique
"The talent is clearly there for Conceicao, but he needs to add maturity and better decision making to reach his potential.",analysis
Trincão and Conceição are like Barcola — great when running directly at goal but they don't generate much when asked to create chances.,analysis
Portugal played well but Uzbekistan just had no business being here. The World Cup is not the place for you.,reaction
"Take Ronaldo off. He is clearly tired, keeps getting caught offside, and can't run after the ball anymore.",critique
"Mbappe is an evolved version of Ronaldo, so every Mbappe World Cup goal puts CR7 further ahead in the GOAT debate.",hot_take
Playing a full 90 minutes at the age of 41 is a testament to Ronaldo's fitness. It's absolutely nuts how fit he keeps himself.,reaction
Martinez needs to give Ronaldo some rest if he's planning on playing him in later matches.,critique
Trincao is really brain dead. I have never seen him make a good decision.,critique
"I don't think Uzbekistan has a Ronaldo, a Messi, or an Mbappe on their team.",reaction
The problem with Portugal is that they all think they're Ronaldo.,hot_take
How many blowouts do we need before people start admitting the 48-team format was a mistake?,hot_take
"Rafa Leao might be the most inconsistent player on the planet. At his best he's essentially unstoppable, but his default lately is pure garbage.",hot_take
It's amazing how little service Ronaldo actually gets.,analysis
Leão can't do anything right today.,critique
Are Portugal players even allowed to receive yellow cards?,reaction
Winning 5-0 with two minutes left and he's still arguing with the ref.,critique
Argentina would not score 5 against Uzbekistan.,hot_take
Leão has a serious attitude problem.,critique
It's a good thing for Portugal that players other than Ronaldo can net it too.,analysis
I cannot get over how good Mendes is. He might genuinely be their best player right now.,hot_take
"Portugal have so many good midfield options that it's not about who is best individually, but who works well together.",analysis
Conceicao has an uncanny ability to take the speed out of an attack at exactly the wrong moment.,critique
Whether Ronaldo plays 70 or 90 minutes isn't going to alter his recovery time in any significant way.,analysis
"The slow-mo clearly shows Ronaldo celebrating, not throwing his arms up in frustration. Haters be hating.",reaction
"Ronaldo actually made space for the Leao goal — he pulled two defenders, leaving Leao free in the empty space.",analysis
Are the group stage games just not as hyped or magical compared to 2022? I can't seem to recreate those emotions.,hot_take
I think it's just you — most people have really enjoyed the games. We've gotten absolute bangers and great Cinderella stories.,reaction
"Conceicao is super wasteful, doing too many tricks and losing possession constantly, and missing obvious pass options.",critique
Henry and Zlatan celebrate every Messi goal ecstatically but are completely nonchalant after a dominant Portugal performance.,hot_take
Colombia vs Portugal is going to be fascinating with James Rodriguez against CR7. Just hope we get past Congo first.,hot_take
Uzbekistan is so poor. The 48-team World Cup is a mistake if this is the quality we're watching.,reaction
Portugal did exactly what was expected against a very weak team. The real test comes against Colombia.,analysis
Uzbekistan don't pass the ball forward even when they have wide open spaces with no pressure from Portugal. It's baffling.,critique
"Sure, let Portugal play full intensity against Uzbekistan while France and Argentina are resting their whole squad.",critique
The real test for Portugal is Colombia — that match will be a genuine indicator of how deep they'll go in this tournament.,analysis
Ronaldo is so desperate for that hat-trick it's genuinely sad to watch. That mentality is part of why Portugal may not go far.,critique
Conceicao has this uncanny ability to find space and then immediately dribble himself into four defenders.,critique
Portugal could have had more goals if they weren't constantly trying to feed the ball to CR7 in the second half.,analysis
Messi fans have no standing to mock the caliber of teams Ronaldo scores against in the World Cup.,hot_take
Ronaldo has been a genuine team player today — making good passes and not repeating the selfish mistakes from the Congo game.,analysis
"I'm a Messi fan, but I'll be incredibly happy if Ronaldo finally wins the World Cup.",reaction
"Is Portugal just good, or is Uzbekistan just terrible? Honestly impossible to tell.",hot_take
Korea looked really poor against Mexico — I'm not sold on them as a serious contender.,reaction
"Uzbekistan will be eliminated if they lose today, so they need to start playing with some urgency.",analysis
Bro Ronaldo just winked at the camera after that goal — I'm absolutely losing my mind lmao.,reaction
The crowd going completely silent when Uzbekistan hit the post was hilarious.,reaction
I wasn't expecting that at all. Portugal just turned it on completely out of nowhere.,reaction
No way that wasn't a penalty — the ref seriously needs glasses.,reaction
LEAOOOO finally showing up! We were waiting all match!,reaction
I physically cringed watching that Uzbekistan backpass roll straight to Ronaldo.,reaction
This substitution makes zero sense to me — absolutely stunned by that call.,reaction
Semedo running full speed in the 88th minute is actually insane conditioning.,reaction
Did Ronaldo just wave off the corner and take it himself? What a character.,reaction
I screamed so loud my neighbor knocked on the wall lmaooo.,reaction
Credit where it's due — that Uzbekistan keeper pulled off an absolute worldie.,reaction
The VAR check on that goal had me biting my nails for nothing. It was clearly onside the whole time.,reaction
I cannot believe they're still talking about that handball. Move on!,reaction
"Bruno just rolled his eyes at Ronaldo demanding the free kick. Same Bruno, same.",reaction
How are we already in the 70th minute? This game flew by.,reaction
That nutmeg from Conceicao was completely unnecessary but I absolutely loved it.,reaction
I went to make tea and came back to 2-0. Classic Portugal pacing.,reaction
Uzbekistan fans in the stands deserve a medal just for showing up to this.,reaction
The commentator has now called Ronaldo 'ageless' for the eighth time this game.,reaction
I don't care what anyone says — that header was absolutely outrageous.,reaction
"Portugal warming up in matching outfits looking like a Nike ad, respectfully.",reaction
Just tuned in — oh it's already 4-0. Ok then.,reaction
The way Mendes just casually shrugged off that challenge like it was nothing.,reaction
LOL at Uzbekistan's coach checking his phone on the bench right now.,reaction
Every single time I look away something happens. Putting my phone down permanently now.,reaction
Martinez still hasn't figured out that Conceicao cannot be trusted in tight games with the ball at his feet.,critique
Leao's body language when he doesn't get the ball is genuinely embarrassing for a player at his level.,critique
Bruno needs to stop chasing the referee and focus on actually playing the second half.,critique
Why is Ramos still not on? You don't build form sitting on the bench.,critique
Cancelo gave the ball away again. His positioning on the right is a liability every single time.,critique
Portugal's set piece defending is atrocious. They nearly conceded from a corner against Uzbekistan of all teams.,critique
Trincao has been on for 20 minutes and has done literally nothing. Time to rethink that bench rotation.,critique
Uzbekistan's midfield made zero attempt to press and just handed Portugal possession every single time.,critique
Why does Vitinha insist on the diagonal ball when the vertical pass is right there? So frustrating to watch.,critique
Ronaldo holding onto the ball too long in the second half is costing Portugal on the counter.,critique
"Martinez refuses to adapt his system regardless of the opponent, and that rigidity will hurt Portugal against Colombia.",critique
The fullback positioning when Portugal loses possession is criminal — Semedo was 40 yards from his man.,critique
"Conceicao dribbling into a corner again. At some point that's a coaching failure, not just a player problem.",critique
Mendes wasting a yellow card on a cynical foul in a game that's already won is completely needless.,critique
Uzbekistan's striker made three clear runs in behind and nobody found him once. Total lack of attacking cohesion.,critique
Portugal slowing the game down with endless backpasses when they should be putting it completely to bed is poor game management.,critique
That substitution timing from Martinez was baffling — he takes off his most dangerous player at exactly the wrong moment every time.,critique
Leao arguing with the ref while Portugal was on a counter is absolute mental weakness.,critique
Uzbekistan's coach made zero tactical changes at halftime despite being 3-0 down. He just completely gave up.,critique
The number of times Bruno has misplaced a simple sideways pass today is genuinely alarming.,critique
I don't understand why Portugal don't use Ramos more. He's better in the box than Ronaldo right now.,critique
Uzbekistan's defensive shape was nonexistent. They played completely flat and got punished exactly as you'd expect.,critique
Portugal's press is too disorganized — they keep getting caught in transition because the midfield doesn't track back.,critique
Ronaldo still sulking when he doesn't get the pass at 41 years old. Grow up.,critique
Portugal barely tested the keeper in the first 20 minutes despite being massively superior. They lack a clinical early edge.,critique
"Portugal's 4-3-3 worked well today because Uzbekistan sat deep, which gave the fullbacks room to drive forward.",analysis
"Vitinha and Bruno's partnership works because Vitinha does all the recovery runs that Bruno never does, freeing him up.",analysis
"Uzbekistan's attempt to press high in the first 10 minutes was interesting, but Portugal just played through it too easily.",analysis
The switch to Semedo gave Portugal more stability on the right because his runs are far more disciplined than Cancelo's.,analysis
What made Ronaldo's second goal so clever was the late run — he timed his arrival to the delivery perfectly.,analysis
"Portugal's high press only came in waves, making it less effective. They'll need more consistency against better teams.",analysis
Uzbekistan's right side showed some promise in the first half when Shomurodov dropped deep to link the play.,analysis
The reason Portugal's set pieces look so dangerous is the decoy movement — Ronaldo freezing defenders for runners behind him.,analysis
"Bruno's role is really a number 10 disguised as an 8. He needs freedom to roam, which can leave the midfield exposed.",analysis
Uzbekistan's problem isn't just athleticism — their spacing in transition is poor and they clump together centrally.,analysis
Portugal's third goal came from overloading the half-space on the left. The Mendes inside + Leao wide combination is excellent.,analysis
Martinez's team defends quite narrow when out of possession — that works today but will be a real problem against wide teams.,analysis
"Conceicao's strength is running at defenders in 1v1s, but the issue is he holds the ball in areas where he should release early.",analysis
"The pass completion numbers will look great for Portugal, but a lot of those are just recycling possession in their own half.",analysis
Shomurodov made some excellent runs but the Uzbekistan midfielders were never looking for him — a clear communication issue.,analysis
Portugal score so many from corners not because of size but because of their movement patterns — there's always a back-post runner.,analysis
"When Leao drifts inside, Portugal's left side becomes completely vacant. Mendes tries to cover but it's too much ground.",analysis
Uzbekistan sat in a 4-4-2 mid block that was fine against average teams but far too easy to play through at this level.,analysis
The hydration break actually disrupted Portugal's momentum in the second half — they had just started to press really well.,analysis
Ronaldo's movement off the ball was impressive today — he created space by pulling center backs out of their positions.,analysis
"Portugal's midfield pressed aggressively in the first half but ran out of steam, and that's when Uzbekistan had their best spell.",analysis
Trincao as a second-half sub makes more sense than starting him — his energy and directness works better when spaces open up.,analysis
The one area Uzbekistan competed was in the air. Portugal should have exploited that more with early balls in behind.,analysis
"Uzbekistan's shape collapsed to a 5-4-1 when defending, which made them compact but too passive to threaten on the break.",analysis
Portugal's ball recovery time in the final third is elite — as soon as they lose it they win it straight back.,analysis
Portugal is genuinely a top-3 team in this tournament and nobody gives them credit because of the Ronaldo circus.,hot_take
The 48-team World Cup has given us more variety but also exposed just how far behind some federations really are.,hot_take
"If Mendes plays like this the whole tournament, he's the best left back on earth — better than Theo Hernandez.",hot_take
Ronaldo scoring in a World Cup at 41 is the single most impressive individual achievement in football history.,hot_take
Uzbekistan qualifying for the World Cup did more harm than good for Central Asian football. Harder competition develops players.,hot_take
Martinez is quietly one of the best international managers in the world right now and he's completely overlooked.,hot_take
This Portugal squad is more complete than the 2016 Euros squad that won the tournament. People forget how much they've grown.,hot_take
"If France plays Portugal in the knockouts, France wins nine times out of ten and everyone will pretend they knew all along.",hot_take
"Bruno Fernandes is arguably playing better international football than club football right now, and nobody talks about it.",hot_take
Ronaldo's longevity is more impressive than Messi's prime. Staying relevant at 41 beats any single standout season.,hot_take
The AFC should have one fewer automatic spot and that allocation should go to CONCACAF for more competitive games.,hot_take
"If Portugal win this World Cup, it completely reshapes how we remember Ronaldo's legacy.",hot_take
Group stage results in a 48-team tournament are almost meaningless as quality indicators. The knockouts tell you everything.,hot_take
Leao will never be a consistent performer at the highest level. The talent is there but the mentality simply isn't.,hot_take
Colombia is the most dangerous team in this group and nobody is talking about them because they're in with Portugal.,hot_take
The World Cup needs a hard mercy rule at this point. These blowouts are embarrassing for everybody.,hot_take
Ronaldo finishing as top scorer at this World Cup would be the ultimate silencer. And it's actually possible.,hot_take
The Messi vs Ronaldo debate will never end because fans on both sides need it to define their entire football identity.,hot_take
Portugal's best World Cup is happening right now and people are too distracted by Ronaldo drama to notice.,hot_take
Uzbekistan's World Cup participation should accelerate professionalism at home. Even blowout losses have long-term value.,hot_take
"If Argentina meet Portugal in the knockouts, it will be the most watched football match in history.",hot_take
Vitinha is better than any holding midfielder England has and yet nobody puts him in that elite tier.,hot_take
The real story of this World Cup is how dominant the top European sides are. South America feels a step behind.,hot_take
Ronaldo won't retire after this tournament. He'll play at 43 and people will still watch every single minute.,hot_take
Any team that beats Portugal to win the World Cup will have faced both Ronaldo and Bruno — that's the hardest possible path.,hot_take
"I genuinely forgot Uzbekistan were even on the pitch at some points, they were that invisible.",reaction
Portugal never adjusted their press when Uzbekistan changed shape — Martinez just let it ride the whole second half.,critique
The reason Portugal look so fluid is that Bruno constantly rotates into pockets of space that the strikers vacate.,analysis
This World Cup will be remembered as the one where Ronaldo proved everyone wrong one last time.,hot_take